"شناسه","نام","کد ملی","آدرس","تلفن","ایمیل"
"1","نیما","۱۲۳۴۵۶۷۸۹۰","تهران","۰۹۱۲۳۴۵۶۷۸۰","ali@aliaghamirbabaei.com"
"2","محمد","۱۲۴۵۶۷۸۹","یسلبثصش","۲۱۳۴۵۶۷","sdfs@.sadfa.com"
"3","باران","۲۱۳۴۵۶۷۸","ثوبقنثترم","۲۳۵۴۶۷۶۸","s@al.com"
"4","امیر","۲۱۳۴۵۶۷۸۹","سیبلقثشصیس","۳۴۵۶۷۸۹","sas@adsf.casd"
"5","علی","۱۲۳۴۵۶۷","عباس آباد","۰۹۱۲۳۴۵۶۷۸۹","ali@ali.com"
"6","","","","",""
"7","","","","",""
"8","","","","",""
"9","","","","",""
"10","","","","",""
"11","","","","",""
"12","","","","",""
"13","","","","",""
"14","","","","",""
"15","","","","",""
"16","","","","",""
"17","","","","",""
"18","","","","",""
